300,https://relay.a-te-ru.net/vG6pLZ
301,https://relay.a-te-ru.net/IzWf4o
302,https://relay.a-te-ru.net/wJjlDz
303,https://relay.a-te-ru.net/OOqQLL
304,https://relay.a-te-ru.net/llUsGQ
305,https://relay.a-te-ru.net/Bxmpve
306,https://relay.a-te-ru.net/cK3k6H
307,https://relay.a-te-ru.net/AtDERR
308,https://relay.a-te-ru.net/G3Srpb
309,https://relay.a-te-ru.net/ryCYFP
310,https://relay.a-te-ru.net/G15yw5
311,https://relay.a-te-ru.net/BOwab0
312,https://relay.a-te-ru.net/qED9zl
313,https://relay.a-te-ru.net/1ZUwlW
314,https://relay.a-te-ru.net/vvnuz0
315,https://relay.a-te-ru.net/BJAWUi
316,https://relay.a-te-ru.net/ygKL5A
317,https://relay.a-te-ru.net/z1tFlN
318,https://relay.a-te-ru.net/p0WZJG
319,https://relay.a-te-ru.net/ncEAzD
320,https://relay.a-te-ru.net/2mF8vp
321,https://relay.a-te-ru.net/K2hOGs
322,https://relay.a-te-ru.net/mOBiLz
323,https://relay.a-te-ru.net/S7BQc4
324,https://relay.a-te-ru.net/SuvvuH
325,https://relay.a-te-ru.net/xfsKFX
326,https://relay.a-te-ru.net/CCMQNK
327,https://relay.a-te-ru.net/UNz2DV
328,https://relay.a-te-ru.net/f9CzNe
329,https://relay.a-te-ru.net/aa6pEO
330,https://relay.a-te-ru.net/vWvsh0
331,https://relay.a-te-ru.net/WKNWrh
332,https://relay.a-te-ru.net/LC7Qto
333,https://relay.a-te-ru.net/EqoMZn
334,https://relay.a-te-ru.net/tD1i2w
335,https://relay.a-te-ru.net/wefqZP
336,https://relay.a-te-ru.net/MuuxCL
337,https://relay.a-te-ru.net/EuyZy0
338,https://relay.a-te-ru.net/ACymMv
339,https://relay.a-te-ru.net/8hu5AQ
340,https://relay.a-te-ru.net/x8vA8h
341,https://relay.a-te-ru.net/SzowuL
342,https://relay.a-te-ru.net/e2pXen
343,https://relay.a-te-ru.net/hvWnfM
344,https://relay.a-te-ru.net/4pO7o7
345,https://relay.a-te-ru.net/9CIHUt
346,https://relay.a-te-ru.net/8qb2jD
347,https://relay.a-te-ru.net/X0mfY6
348,https://relay.a-te-ru.net/beSrQ8
349,https://relay.a-te-ru.net/rRV0QY
350,https://relay.a-te-ru.net/3I230r
351,https://relay.a-te-ru.net/pNFRUI
352,https://relay.a-te-ru.net/s0Czxd
353,https://relay.a-te-ru.net/VqhOzQ
354,https://relay.a-te-ru.net/kOFrlR
355,https://relay.a-te-ru.net/7HEm4J
356,https://relay.a-te-ru.net/5Xyohk
357,https://relay.a-te-ru.net/eIhQtM
358,https://relay.a-te-ru.net/KQwSfD
359,https://relay.a-te-ru.net/AFZAhr
360,https://relay.a-te-ru.net/XHtGGu
361,https://relay.a-te-ru.net/EMcDep
362,https://relay.a-te-ru.net/KDFMVD
363,https://relay.a-te-ru.net/qJ4b0M
364,https://relay.a-te-ru.net/VZTW77
365,https://relay.a-te-ru.net/7YvF8g
366,https://relay.a-te-ru.net/ERIKWF
367,https://relay.a-te-ru.net/FE3OdM
368,https://relay.a-te-ru.net/6gTuq0
369,https://relay.a-te-ru.net/divDNm
370,https://relay.a-te-ru.net/dkQ4tc
371,https://relay.a-te-ru.net/7gNE76
372,https://relay.a-te-ru.net/PTafwp
373,https://relay.a-te-ru.net/S2osXy
374,https://relay.a-te-ru.net/D5xqgA
375,https://relay.a-te-ru.net/FmKiyc
376,https://relay.a-te-ru.net/Ztrcz9
377,https://relay.a-te-ru.net/xWfYZn
378,https://relay.a-te-ru.net/vfmoxn
379,https://relay.a-te-ru.net/2KxqNv
380,https://relay.a-te-ru.net/kRFH9B
381,https://relay.a-te-ru.net/rfOLLj
382,https://relay.a-te-ru.net/PxXvnG
383,https://relay.a-te-ru.net/9S0La1
384,https://relay.a-te-ru.net/SO8OxD
385,https://relay.a-te-ru.net/N5xxEz
386,https://relay.a-te-ru.net/UDtakh
387,https://relay.a-te-ru.net/JFY8j4
388,https://relay.a-te-ru.net/mGWhHF
389,https://relay.a-te-ru.net/O6Doad
390,https://relay.a-te-ru.net/gKAq55
391,https://relay.a-te-ru.net/utQxBi
392,https://relay.a-te-ru.net/WhxwLS
393,https://relay.a-te-ru.net/8mDTCC
394,https://relay.a-te-ru.net/QEBzBO
395,https://relay.a-te-ru.net/A1UF1x
396,https://relay.a-te-ru.net/CRKvj3
397,https://relay.a-te-ru.net/p31e62
398,https://relay.a-te-ru.net/zKC3Kg
399,https://relay.a-te-ru.net/7GFy3m
400,https://relay.a-te-ru.net/cvHj0q
401,https://relay.a-te-ru.net/KQtCLn
402,https://relay.a-te-ru.net/S3DGKy
403,https://relay.a-te-ru.net/LkeHlh
404,https://relay.a-te-ru.net/fZrft9
405,https://relay.a-te-ru.net/PILfMZ
406,https://relay.a-te-ru.net/pfrctj
407,https://relay.a-te-ru.net/jNJwUL
408,https://relay.a-te-ru.net/b0zmRx
409,https://relay.a-te-ru.net/qvdKV7
410,https://relay.a-te-ru.net/CHtAMI
411,https://relay.a-te-ru.net/bsU9tB
412,https://relay.a-te-ru.net/ozUNbf
413,https://relay.a-te-ru.net/2d9JmJ
414,https://relay.a-te-ru.net/lax7tT
415,https://relay.a-te-ru.net/tvvoZe
416,https://relay.a-te-ru.net/tsEMjh
417,https://relay.a-te-ru.net/8adCmp
418,https://relay.a-te-ru.net/n13zME
419,https://relay.a-te-ru.net/8QCfxZ
420,https://relay.a-te-ru.net/vxdYDn
421,https://relay.a-te-ru.net/SkVpee
422,https://relay.a-te-ru.net/Xo3SOy
423,https://relay.a-te-ru.net/twXqmb
424,https://relay.a-te-ru.net/L5LxcQ
425,https://relay.a-te-ru.net/4e9nO3
426,https://relay.a-te-ru.net/CKkuT4
427,https://relay.a-te-ru.net/On0VqS
428,https://relay.a-te-ru.net/dH9TTL
429,https://relay.a-te-ru.net/tIPDAh
430,https://relay.a-te-ru.net/h4bIWm
431,https://relay.a-te-ru.net/3F5l33
432,https://relay.a-te-ru.net/n1upem
433,https://relay.a-te-ru.net/uMaEBG
434,https://relay.a-te-ru.net/stYEGl
435,https://relay.a-te-ru.net/QOAYbg
437,https://relay.a-te-ru.net/5bMHpY
438,https://relay.a-te-ru.net/37rHQL
439,https://relay.a-te-ru.net/Rc3Tyo
440,https://relay.a-te-ru.net/NQ4DZQ
441,https://relay.a-te-ru.net/5gvVlI
442,https://relay.a-te-ru.net/PgAiou
443,https://relay.a-te-ru.net/20tzRY
444,https://relay.a-te-ru.net/3sY6PF
445,https://relay.a-te-ru.net/EOrLz9
446,https://relay.a-te-ru.net/svCM3S
447,https://relay.a-te-ru.net/p4Ssgo
448,https://relay.a-te-ru.net/1znOI4
449,https://relay.a-te-ru.net/6pWsiR
450,https://relay.a-te-ru.net/06XL18
451,https://relay.a-te-ru.net/9HSOlJ
452,https://relay.a-te-ru.net/7MwaSr
453,https://relay.a-te-ru.net/uZq8I1
454,https://relay.a-te-ru.net/VvUNDD
455,https://relay.a-te-ru.net/kGS4vB
456,https://relay.a-te-ru.net/b0ahlg
457,https://relay.a-te-ru.net/FBZnVR
458,https://relay.a-te-ru.net/hx9Dfo
459,https://relay.a-te-ru.net/0qjvW8
460,https://relay.a-te-ru.net/FhA6gm
461,https://relay.a-te-ru.net/wXWhvc
462,https://relay.a-te-ru.net/Ma9LTZ
463,https://relay.a-te-ru.net/Wdn9BT
464,https://relay.a-te-ru.net/6TsZXi
465,https://relay.a-te-ru.net/X88Vdi
466,https://relay.a-te-ru.net/UK95wK
467,https://relay.a-te-ru.net/Rxm8sA
468,https://relay.a-te-ru.net/VFIZZ3
469,https://relay.a-te-ru.net/GwBN5L
470,https://relay.a-te-ru.net/dlGw4m
471,https://relay.a-te-ru.net/pgP1yD
472,https://relay.a-te-ru.net/nArJNX
473,https://relay.a-te-ru.net/aKWCne
474,https://relay.a-te-ru.net/ekIdNW
475,https://relay.a-te-ru.net/0Rf8YC
476,https://relay.a-te-ru.net/Go6S1P
477,https://relay.a-te-ru.net/jC58Xy
478,https://relay.a-te-ru.net/3huuhy
479,https://relay.a-te-ru.net/BQMIcg
480,https://relay.a-te-ru.net/xOUaYm
481,https://relay.a-te-ru.net/kCnSLy
482,https://relay.a-te-ru.net/XkC7kT
